Country,Language
USA,English
USA,English
USA,English
USA,English
USA,English
USA,German
USA,English
USA,Spanish
USA,English
USA,English
USA,English
USA,English
USA,Italian
USA,English
USA,Spanish
USA,German
USA,English
USA,German
USA,English
USA,Italian
USA,English
USA,English
USA,Spanish
USA,English
USA,English
USA,English
USA,English
USA,English
USA,Spanish
USA,English
USA,English
USA,English
USA,English
USA,English
USA,French
USA,German
USA,English
USA,English
USA,German
USA,English
USA,English
USA,English
USA,German
USA,English
USA,English
USA,English
USA,English
USA,English
USA,English
USA,English
USA,English
USA,English
USA,English
USA,French
USA,Italian
USA,English
USA,English
USA,German
USA,English
USA,English
USA,English
USA,English
USA,Spanish
USA,French
USA,English
USA,English
USA,English
USA,English
USA,English
USA,English
USA,English
USA,Spanish
USA,English
USA,English
USA,English
USA,English
USA,English
USA,English
USA,English
USA,French
USA,Italian
USA,English
USA,English
USA,English
USA,English
USA,English
USA,Spanish
USA,English
USA,English
USA,English
USA,Italian
USA,French
USA,English
USA,English
USA,English
USA,English
USA,English
USA,Spanish
USA,English
USA,Italian
USA,English
USA,Spanish
USA,English
USA,English
USA,English
USA,English
USA,English
USA,English
USA,English
USA,English
USA,English
USA,English
USA,English
USA,English
USA,English
USA,Spanish
USA,German
USA,English
USA,English
USA,English
USA,English
USA,English
USA,English
USA,English
USA,English
USA,English
USA,Spanish
USA,English
USA,English
USA,Spanish
USA,English
USA,English
USA,English
USA,English
USA,English
USA,English
USA,English
USA,Spanish
USA,English
USA,Italian
USA,English
USA,German
USA,English
USA,English
USA,English
USA,English
USA,English
USA,English
USA,Spanish
USA,Spanish
USA,English
USA,English
USA,English
USA,English
USA,Spanish
USA,English
USA,German
USA,English
USA,English
USA,English
USA,English
USA,English
USA,Spanish
USA,English
USA,English
USA,English
USA,English
USA,English
USA,English
USA,English
USA,Spanish
USA,English
USA,German
USA,English
USA,German
USA,English
USA,English
USA,Italian
USA,English
USA,English
USA,English
USA,Spanish
USA,French
USA,English
USA,English
USA,Italian
USA,English
USA,English
USA,English
USA,English
USA,English
USA,English
USA,English
USA,English
USA,English
USA,English
USA,Spanish
USA,English
USA,English
USA,German
USA,English
USA,English
USA,English
USA,English
USA,Spanish
USA,Spanish
USA,English
USA,English
USA,English
USA,English
USA,English
USA,English
USA,English
USA,English
USA,Spanish
USA,English
USA,English
USA,English
USA,English
USA,English
USA,English
USA,English
USA,English
USA,Spanish
USA,English
USA,English
USA,English
USA,German
USA,English
USA,English
USA,French
USA,English
USA,English
USA,English
USA,English
USA,English
USA,English
USA,Spanish
USA,English
USA,English
USA,English
USA,Spanish
USA,English
USA,English
USA,English
USA,English
USA,English
USA,English
USA,English
USA,Spanish
USA,English
USA,English
USA,Spanish
USA,Spanish
USA,English
USA,Italian
USA,English
USA,English
USA,Spanish
USA,English
USA,English
USA,English
USA,English
USA,English
USA,English
USA,Spanish
USA,English
USA,English
USA,German
USA,English
USA,English
USA,English
USA,English
USA,English
USA,English
USA,English
USA,English
USA,English
USA,French
USA,English
USA,English
USA,English
USA,Italian
USA,English
USA,Spanish
USA,English
USA,German
USA,English
USA,English
USA,English
USA,English
USA,English
USA,English
USA,English
USA,English
USA,English
USA,English
USA,English
USA,English
USA,English
USA,English
USA,English
USA,English
USA,English
USA,English
USA,English
USA,Italian
USA,English
USA,English
USA,English
USA,English
USA,English
USA,English
USA,Italian
USA,German
USA,English
USA,English
USA,English
USA,English
USA,German
USA,English
USA,English
USA,English
USA,English
USA,German
USA,English
USA,English
USA,English
USA,Spanish
USA,English
USA,Spanish
USA,English
USA,Spanish
USA,English
USA,English
USA,English
USA,English
USA,English
USA,Spanish
USA,English
USA,English
USA,English
USA,English
USA,Spanish
USA,English
USA,Italian
USA,German
USA,English
USA,English
USA,Spanish
USA,English
USA,English
USA,English
USA,English
USA,French
USA,English
USA,English
USA,German
USA,English
USA,English
USA,English
USA,English
USA,English
USA,English
USA,English
USA,English
USA,English
USA,Italian
USA,English
USA,German
USA,German
USA,English
USA,French
USA,English
USA,Spanish
USA,English
USA,English
USA,English
USA,English
USA,English
USA,English
USA,English
USA,English
USA,English
USA,English
USA,English
USA,English
USA,French
USA,Italian
USA,English
USA,English
USA,English
USA,English
USA,English
USA,English
USA,English
USA,English
USA,English
USA,English
USA,English
USA,English
USA,English
USA,Spanish
USA,English
USA,Spanish
USA,English
USA,English
USA,English
USA,English
USA,English
USA,English
USA,English
USA,English
USA,English
USA,English
USA,English
USA,German
USA,English
USA,English
USA,English
USA,English
USA,English
USA,German
USA,English
USA,Spanish
USA,English
USA,English
USA,English
USA,English
USA,English
USA,English
USA,English
USA,Italian
USA,English
USA,French
USA,English
USA,English
USA,German
USA,Spanish
USA,English
USA,English
USA,English
USA,English
USA,English
USA,English
USA,Spanish
USA,Spanish
USA,English
USA,English
USA,Spanish
USA,English
USA,English
USA,English
USA,English
USA,Italian
USA,English
USA,English
USA,English
USA,Spanish
USA,Spanish
USA,English
USA,English
USA,English
USA,English
USA,English
USA,English
USA,English
USA,English
USA,English
USA,Spanish
USA,English
USA,English
USA,Italian
USA,English
USA,English
USA,English
USA,English
USA,English
USA,English
USA,Spanish
USA,English
USA,English
USA,English
USA,English
USA,English
USA,English
USA,English
USA,English
USA,English
USA,English
USA,German
USA,English
USA,English
USA,English
USA,English
USA,English
USA,English
USA,English
USA,English
USA,Italian
USA,English
USA,Spanish
USA,English
USA,English
USA,English
USA,Spanish
USA,Spanish
USA,English
USA,English
USA,English
USA,English
USA,English
USA,Spanish
USA,English
USA,English
USA,English
USA,English
USA,English
USA,English
USA,Spanish
USA,English
USA,English
USA,English
USA,English
USA,English
USA,English
USA,English
USA,Spanish
USA,English
USA,English
USA,Italian
USA,English
USA,Spanish
USA,English
USA,English
USA,Spanish
USA,Spanish
USA,English
USA,English
USA,English
USA,Spanish
USA,English
USA,French
USA,English
USA,English
USA,English
USA,English
USA,German
USA,English
USA,Italian
USA,English
USA,English
USA,French
USA,English
USA,English
USA,English
USA,Spanish
USA,Spanish
USA,English
USA,Spanish
USA,English
USA,English
USA,Spanish
USA,English
USA,French
USA,English
USA,English
USA,English
USA,English
USA,English
USA,English
USA,English
USA,English
USA,English
USA,English
USA,English
USA,English
USA,Spanish
USA,English
USA,French
USA,English
USA,English
USA,Spanish
USA,English
USA,English
USA,English
USA,English
USA,English
USA,English
USA,English
USA,English
USA,Spanish
USA,English
USA,English
USA,Spanish
USA,French
USA,English
USA,English
USA,English
USA,English
USA,English
USA,Spanish
USA,German
USA,French
USA,English
USA,English
USA,English
USA,English
USA,English
USA,English
USA,Spanish
USA,English
USA,English
USA,Italian
USA,English
USA,English
USA,English
USA,English
USA,Spanish
USA,English
USA,English
USA,English
USA,English
USA,English
USA,English
USA,English
USA,English
USA,English
USA,English
USA,English
USA,German
USA,Spanish
USA,English
USA,Spanish
USA,English
USA,English
USA,English
USA,English
USA,English
USA,English
USA,Italian
USA,Spanish
USA,English
USA,English
USA,English
USA,English
USA,English
USA,English
USA,English
USA,French
USA,English
USA,English
USA,English
USA,English
USA,Spanish
USA,English
USA,Italian
USA,Italian
USA,English
USA,English
USA,Spanish
USA,Italian
USA,English
USA,French
USA,English
USA,English
USA,English
USA,Spanish
USA,English
USA,English
USA,English
USA,English
USA,English
USA,Spanish
USA,English
USA,English
USA,English
USA,English
USA,English
USA,English
USA,English
USA,English
USA,English
USA,English
USA,German
USA,English
USA,English
USA,English
USA,English
USA,English
USA,English
USA,English
USA,English
USA,German
USA,English
USA,English
USA,English
USA,German
USA,Spanish
USA,English
USA,English
USA,English
USA,English
USA,English
USA,English
USA,English
USA,German
USA,Italian
USA,English
USA,English
USA,Spanish
USA,English
USA,English
USA,English
USA,English
USA,English
USA,English
USA,English
USA,English
USA,English
USA,English
USA,Spanish
USA,English
USA,English
USA,English
USA,English
USA,English
USA,English
USA,English
USA,English
USA,English
USA,English
USA,English
USA,English
USA,English
USA,English
USA,English
USA,English
USA,English
USA,English
USA,English
USA,English
USA,English
USA,Italian
USA,French
USA,English
USA,English
USA,English
USA,English
USA,English
USA,English
USA,Spanish
USA,English
USA,English
USA,English
USA,English
USA,French
USA,Spanish
USA,Spanish
USA,English
USA,English
USA,English
USA,English
USA,English
USA,English
USA,English
USA,English
USA,English
USA,English
USA,English
USA,English
USA,English
USA,English
USA,English
USA,Italian
USA,English
USA,English
USA,English
USA,Spanish
USA,English
USA,English
USA,English
USA,English
USA,English
USA,English
USA,Spanish
USA,Spanish
USA,English
USA,English
USA,English
USA,French
USA,English
USA,Italian
USA,English
USA,English
USA,Spanish
USA,English
USA,English
USA,English
USA,English
USA,English
USA,English
USA,English
USA,Italian
USA,Italian
USA,English
USA,English
USA,English
USA,English
USA,English
USA,Italian
USA,German
USA,English
USA,English
USA,English
USA,English
USA,English
USA,English
USA,English
USA,English
USA,German
USA,English
USA,English
USA,English
USA,French
USA,English
USA,English
USA,German
USA,English
USA,English
USA,English
USA,French
USA,English
USA,Spanish
USA,English
USA,English
USA,English
USA,English
USA,English
USA,English
USA,English
USA,English
USA,Spanish
USA,English
USA,Italian
USA,English
USA,Spanish
USA,French
USA,English
USA,Italian
USA,English
USA,Spanish
USA,Spanish
USA,English
USA,English
USA,English
USA,English
USA,English
USA,French
USA,English
USA,Spanish
USA,English
USA,French
USA,German
USA,English
USA,English
USA,English
USA,English
USA,English
USA,English
USA,Italian
USA,English
USA,English
USA,English
USA,Spanish
USA,German
USA,French
USA,English
USA,English
USA,Spanish
USA,English
USA,English
USA,English
USA,English
USA,English
USA,English
USA,English
USA,English
USA,English
USA,English
USA,English
USA,English
USA,English
USA,English
USA,English
USA,English
USA,English
USA,Spanish
USA,English
USA,English
USA,English
USA,Italian
USA,English
USA,English
USA,English
USA,English
USA,English
USA,English
USA,English
USA,English
USA,German
USA,English
USA,English
USA,Spanish
USA,Spanish
USA,Italian
USA,Spanish
USA,Italian
USA,English
USA,Spanish
USA,Spanish
USA,English
USA,English
USA,Italian
USA,English
USA,Spanish
USA,English
USA,English
USA,English
USA,English
USA,English
USA,English
USA,English
USA,English
USA,English
USA,English
USA,French
USA,English
USA,English
USA,English
USA,English
USA,English
USA,English
USA,Spanish
USA,German
USA,Spanish
USA,English
USA,English
USA,English
USA,English
USA,Italian
USA,English
USA,English
USA,English
USA,Spanish
USA,Spanish
USA,English
USA,Italian
USA,English
USA,Spanish
USA,Italian
USA,Spanish
USA,English
USA,English
USA,English
USA,English
USA,Spanish
USA,English
USA,English
USA,English
USA,English
USA,English
USA,English
USA,English
USA,English
USA,Spanish
USA,English
USA,Spanish
USA,English
USA,English
USA,English
USA,English
USA,English
USA,English
USA,English
USA,English
USA,English
USA,English
USA,English
USA,German
USA,English
USA,English
USA,Italian
USA,English
USA,Italian
USA,English
USA,Spanish
USA,English
USA,German
USA,English
USA,English
USA,English
USA,English
USA,English
USA,English
USA,German
USA,English
USA,Spanish
USA,English
USA,Italian
USA,Italian
USA,English
USA,Spanish
USA,Spanish
USA,English
USA,English
USA,English
USA,Spanish
USA,English
USA,English
USA,English
USA,English
USA,Spanish
USA,Italian
USA,English
USA,English
USA,English
USA,English
USA,English
USA,English
USA,English
USA,English
USA,English
USA,English
USA,Spanish
USA,English
USA,English
USA,Spanish
USA,English
USA,English
USA,English
USA,English
USA,Spanish
USA,English
USA,English
USA,English
USA,English
USA,Italian
USA,French
USA,English
USA,English
USA,English
USA,English
USA,English
USA,English
USA,English
USA,French
USA,English
USA,English
USA,English
USA,Italian
USA,French
USA,English
USA,English
USA,German
USA,English
USA,English
USA,Italian
USA,Spanish
USA,English
USA,English
USA,English
USA,English
USA,Italian
USA,English
USA,Spanish
USA,English
USA,English
USA,English
USA,English
USA,English
USA,English
USA,English
USA,English
USA,English
USA,English
USA,English
USA,English
USA,English
USA,English
USA,English
USA,English
USA,English
USA,Spanish
USA,English
USA,English
USA,English
USA,Spanish
USA,English
USA,English
USA,English
USA,English
USA,Italian
USA,French
USA,English
USA,Spanish
USA,English
USA,English
USA,English
USA,English
USA,English
USA,English
USA,English
USA,Spanish
USA,Italian
USA,English
USA,English
USA,French
USA,English
USA,English
USA,English
USA,English
USA,English
USA,Italian
USA,English
USA,German
USA,English
USA,Italian
USA,English
USA,English
USA,English
USA,English
USA,English
USA,English
USA,English
USA,English
USA,English
USA,English
USA,English
USA,Spanish
USA,English
USA,Italian
USA,English
USA,English
USA,English
USA,English
USA,English
USA,English
USA,English
USA,English
USA,English
USA,English
USA,English
USA,English
USA,English
USA,English
USA,English
USA,English
USA,English
USA,English
USA,English
USA,English
USA,English
USA,English
USA,English
USA,English
USA,Spanish
USA,English
USA,English
USA,English
USA,English
USA,Spanish
USA,English
USA,Italian
USA,English
USA,English
USA,English
USA,English
USA,English
USA,English
USA,English
USA,Spanish
USA,English
USA,English
USA,English
USA,English
USA,English
USA,English
USA,English
USA,English
USA,English
USA,English
USA,German
USA,English
USA,English
USA,English
USA,French
USA,English
USA,English
USA,English
England,English
England,English
England,English
England,English
England,English
England,English
England,English
England,English
England,English
England,English
England,English
England,English
England,Italian
England,German
England,English
England,English
England,English
England,English
England,English
England,English
England,English
England,English
England,English
England,English
England,English
England,English
England,English
England,English
England,English
England,English
England,English
England,Spanish
England,English
England,English
England,English
England,Spanish
England,English
England,English
England,English
England,Italian
England,English
England,English
England,English
England,English
England,English
England,English
England,English
England,English
England,English
England,Spanish
England,English
England,English
England,English
England,English
England,English
England,English
England,English
England,English
England,English
England,English
England,German
England,English
England,English
England,English
England,English
England,English
England,English
England,English
England,English
England,English
England,English
England,English
England,English
England,English
England,English
England,English
England,English
England,English
England,English
England,English
England,English
England,German
England,English
England,English
England,English
England,English
England,English
England,English
England,English
England,English
England,English
England,English
England,German
England,English
England,English
England,English
England,English
England,English
England,English
England,English
England,French
England,English
England,English
England,English
England,English
England,English
England,English
England,Spanish
England,English
England,English
England,English
England,English
England,English
England,English
England,English
England,English
England,English
England,English
England,English
England,Spanish
England,English
England,Spanish
England,English
England,English
England,English
England,English
England,English
England,English
England,English
England,English
England,English
England,German
England,English
England,Spanish
England,English
England,English
England,English
England,English
England,English
England,English
England,English
England,English
England,English
England,English
England,English
England,English
England,English
England,English
England,English
England,English
England,English
England,English
England,English
England,English
England,English
England,English
England,English
England,English
England,English
England,English
England,English
England,English
England,English
England,English
England,English
England,English
England,English
England,English
England,English
England,English
England,English
England,English
England,English
England,English
England,English
England,English
England,English
England,English
England,English
England,English
England,English
England,English
England,English
England,English
England,English
England,English
England,English
England,English
England,Spanish
England,English
England,English
England,French
England,English
England,English
England,English
England,English
England,English
England,English
England,English
England,English
England,English
England,English
England,English
England,English
England,Italian
England,English
England,English
England,English
England,Spanish
England,Spanish
England,English
England,English
England,English
England,Spanish
England,English
England,English
England,English
England,English
England,English
England,English
England,Spanish
England,English
England,English
England,English
England,English
England,English
England,English
England,English
England,English
England,English
England,German
England,English
England,English
England,English
England,English
England,Spanish
England,English
England,English
England,English
England,English
England,English
England,English
England,English
England,English
England,English
England,English
England,English
England,Italian
England,English
England,English
England,English
England,English
England,English
England,English
England,English
England,English
England,English
England,English
England,English
England,English
England,English
England,English
England,Italian
England,English
England,English
England,English
England,English
England,English
England,English
England,English
England,English
England,English
England,English
England,English
England,English
England,English
England,English
England,English
England,English
England,English
England,English
England,English
England,English
England,English
England,English
England,English
England,English
England,English
England,English
England,English
England,English
England,English
England,English
England,English
England,English
England,Italian
England,English
England,English
England,English
England,English
England,English
England,English
England,English
England,English
England,English
England,German
England,English
England,Spanish
England,English
England,English
England,English
England,German
England,English
England,English
England,English
England,English
England,English
England,German
England,English
England,English
England,English
England,English
England,English
England,English
England,English
England,English
England,English
England,English
England,English
England,English
England,English
England,English
England,English
England,English
England,English
England,English
England,English
England,English
England,English
England,English
England,English
England,English
England,French
England,English
England,English
England,English
England,English
England,English
England,English
England,English
England,English
England,English
England,English
England,English
England,English
England,English
England,English
England,English
England,English
England,English
England,English
England,English
England,English
England,English
England,English
England,English
England,English
England,English
England,English
England,English
England,Spanish
England,English
England,English
England,English
England,English
England,English
England,English
England,English
England,English
England,English
England,English
England,English
England,English
England,English
England,English
England,English
England,English
England,English
England,French
England,English
England,English
England,English
England,English
England,English
England,English
England,English
England,English
England,English
England,English
England,English
England,English
England,English
England,English
England,English
England,English
England,English
England,English
England,English
England,English
England,English
England,English
England,English
England,English
England,English
England,English
England,English
England,English
England,English
England,English
England,English
England,English
England,English
England,French
England,English
England,English
England,English
England,English
England,English
England,English
England,English
England,English
England,English
England,English
England,English
England,English
England,English
England,English
England,English
England,English
England,English
England,English
England,English
England,English
England,Italian
England,English
England,English
England,English
England,English
England,English
England,English
England,English
England,English
England,English
England,English
England,English
England,English
England,English
England,English
England,English
England,English
England,English
England,English
England,English
England,English
England,English
England,English
England,English
England,English
England,English
England,English
England,English
England,English
England,English
England,English
England,English
England,English
England,English
England,English
England,English
England,English
England,English
England,English
England,English
England,English
England,English
England,English
England,English
England,English
England,English
England,English
England,English
England,English
England,English
England,English
England,English
England,English
England,English
England,English
England,English
England,English
England,English
England,English
England,English
England,English
England,English
England,English
England,English
England,English
England,English
England,English
England,English
England,English
England,English
England,English
England,English
England,English
England,English
England,English
England,English
England,English
England,English
England,English
England,English
England,English
England,English
England,English
England,English
England,English
England,English
England,English
England,English
England,English
England,English
England,English
England,English
England,English
England,English
England,English
England,English
England,English
England,English
England,English
England,English
England,English
England,English
England,English
England,English
England,English
England,English
England,English
England,English
England,English
England,English
England,English
England,English
England,English
England,English
England,English
England,English
England,English
England,English
England,English
England,English
England,English
England,English
England,English
England,English
England,English
England,English
England,English
England,English
England,English
England,English
England,English
England,English
England,English
England,English
England,English
England,English
England,English
England,English
England,English
England,English
England,English
England,English
England,English
England,English
England,German
England,English
England,English
England,English
England,English
England,English
England,Spanish
England,English
England,Spanish
England,English
England,English
England,English
England,English
England,English
England,English
England,English
England,English
England,English
England,English
England,English
England,English
England,English
England,English
England,English
England,English
England,English
England,English
England,English
England,English
England,English
England,Spanish
England,English
England,English
England,English
England,English
England,English
England,English
England,English
England,English
England,English
England,English
England,English
England,English
England,English
England,English
England,English
England,English
England,English
England,English
England,English
England,English
England,English
England,English
England,English
England,English
England,English
England,English
England,English
England,English
England,French
England,English
England,English
England,English
England,English
England,English
England,English
England,English
England,English
England,English
England,English
England,English
England,English
England,English
England,English
England,Spanish
England,English
England,English
England,English
England,English
England,English
England,English
England,English
England,English
England,English
England,English
England,English
England,English
England,Spanish
England,English
England,English
England,English
England,English
England,English
England,English
England,English
England,English
England,English
England,English
England,English
England,English
England,English
England,Spanish
England,English
England,English
England,English
England,English
England,Spanish
England,English
England,English
England,English
England,English
England,English
England,English
England,English
England,English
England,English
England,English
England,English
England,English
England,English
England,English
England,English
England,English
England,English
England,Spanish
England,Italian
England,English
England,English
England,English
England,English
England,English
England,English
England,English
England,English
England,English
England,English
England,English
England,English
England,English
England,English
England,English
England,English
England,English
England,English
England,English
England,English
England,English
England,English
England,English
England,English
England,English
England,English
England,English
England,English
England,English
England,English
England,English
England,English
England,English
England,English
England,English
England,English
England,English
England,English
England,English
England,English
England,English
England,English
England,English
England,Spanish
England,English
England,English
England,Italian
England,English
England,English
England,English
England,English
England,English
England,English
England,English
England,English
England,English
England,English
England,English
England,English
England,English
England,English
England,German
England,English
England,English
England,English
England,English
England,English
England,English
England,English
England,English
England,English
England,English
England,English
England,French
England,English
England,English
England,English
England,English
England,English
England,English
England,English
England,English
England,French
England,English
England,English
England,English
England,English
England,Spanish
England,English
England,French
England,English
England,English
England,English
England,German
England,Spanish
England,English
England,English
England,English
England,English
England,English
England,English
England,Spanish
England,English
England,English
England,English
England,English
England,Spanish
England,English
England,English
England,Spanish
England,English
England,English
England,English
England,English
England,English
England,English
England,English
England,English
England,English
England,English
England,English
England,English
England,English
England,English
England,English
England,English
England,English
England,English
England,English
England,Spanish
England,English
England,English
England,English
England,English
England,English
England,German
England,English
England,English
England,English
England,Italian
England,English
England,English
England,English
England,English
England,English
England,English
England,English
England,English
England,English
England,English
England,Spanish
England,English
England,English
England,English
England,English
England,English
England,English
England,English
England,English
England,English
England,English
England,Spanish
England,English
England,English
England,English
England,English
England,French
England,English
England,English
England,English
England,English
England,English
England,English
England,English
England,Spanish
England,English
England,English
England,English
England,English
England,English
England,English
England,English
England,Italian
England,English
England,English
England,English
England,English
England,English
England,English
England,English
England,English
England,English
England,English
England,English
England,English
England,Spanish
England,English
England,English
England,English
England,English
England,English
England,English
England,English
England,English
England,English
England,Spanish
England,English
England,English
England,English
England,English
England,English
England,English
England,English
England,English
England,English
England,English
England,English
England,English
England,English
England,English
England,English
England,English
England,Italian
England,English
England,English
England,English
England,English
England,Spanish
England,English
England,English
England,English
England,English
England,English
England,French
England,English
England,English
England,English
England,English
England,English
England,English
England,English
England,English
England,English
England,English
England,English
England,English
England,English
England,English
England,English
England,English
England,English
England,English
England,English
England,English
England,English
England,English
England,English
England,English
England,English
England,English
England,English
England,English
England,English
England,English
England,English
England,English
England,English
England,English
England,English
England,English
England,English
England,English
England,English
England,English
England,English
England,Spanish
England,Spanish
England,English
England,English
England,English
England,English
England,English
England,English
England,Italian
England,English
England,English
England,English
England,English
England,English
England,English
England,English
England,English
England,English
England,English
England,English
England,English
England,English
England,English
England,English
England,English
England,English
England,English
England,English
England,English
England,English
England,English
England,English
England,English
England,German
England,English
England,English
England,English
England,English
England,English
England,English
England,English
England,English
England,English
England,English
England,English
England,English
England,English
England,English
England,English
England,English
England,Spanish
England,Spanish
England,English
England,English
England,English
England,English
England,English
England,English
England,English
England,English
England,English
England,English
England,English
England,English
England,English
England,English
England,English
England,English
England,English
England,English
England,English
England,English
England,English
England,English
England,English
England,English
England,English
England,Spanish
England,English
England,English
England,Spanish
England,English
England,English
England,English
England,English
England,English
England,English
England,English
England,English
England,English
England,English
England,English
England,English
England,English
England,English
England,English
England,English
England,Spanish
England,English
England,English
England,English
England,English
England,English
England,English
England,English
England,English
England,English
England,English
England,Spanish
England,English
England,English
England,English
England,English
England,English
England,English
England,English
England,English
England,English
England,English
England,English
England,English
England,English
England,English
England,English
England,English
England,English
England,English
England,English
England,English
England,English
England,English
England,English
England,English
England,English
England,English
England,English
England,English
England,English
England,English
England,English
England,English
England,Spanish
England,English
England,English
England,English
England,English
England,English
England,English
England,English
England,English
England,English
England,English
England,English
England,English
England,English
England,English
England,English
England,English
England,English
England,English
England,English
England,English
England,English
England,English
England,English
England,English
England,English
England,English
England,English
England,Italian
England,English
England,English
England,English
England,English
England,English
England,English
England,English
England,English
England,English
England,English
England,English
England,English
England,English
England,English
England,English
England,English
England,English
England,English
England,English
England,Spanish
England,English
England,English
England,English
England,English
England,English
England,English
England,English
England,English
England,English
England,English
England,English
England,English
England,English
England,English
England,English
England,English
England,English
England,English
England,English
England,English
England,English
England,English
Italy,Italian
Italy,Italian
Italy,Italian
Italy,Italian
Italy,Italian
Italy,Italian
Italy,Italian
Italy,Italian
Italy,Italian
Italy,Italian
Italy,Spanish
Italy,Italian
Italy,English
Italy,Spanish
Italy,Italian
Italy,Italian
Italy,English
Italy,Italian
Italy,Italian
Italy,Italian
Italy,Italian
Italy,Italian
Italy,Italian
Italy,Italian
Italy,Italian
Italy,Italian
Italy,Italian
Italy,Italian
Italy,Italian
Italy,Italian
Italy,French
Italy,Italian
Italy,Italian
Italy,Italian
Italy,Italian
Italy,Italian
Italy,Italian
Italy,Italian
Italy,Italian
Italy,Italian
Italy,Italian
Italy,Italian
Italy,Italian
Italy,Italian
Italy,Italian
Italy,Italian
Italy,Italian
Italy,Italian
Italy,Italian
Italy,Italian
Italy,Italian
Italy,Italian
Italy,Italian
Italy,German
Italy,Italian
Italy,Italian
Italy,English
Italy,French
Italy,Italian
Italy,Italian
Italy,Italian
Italy,Italian
Italy,Italian
Italy,Italian
Italy,Italian
Italy,Italian
Italy,Italian
Italy,Italian
Italy,Italian
Italy,Italian
Italy,Spanish
Italy,Italian
Italy,Italian
Italy,Italian
Italy,Italian
Italy,English
Italy,French
Italy,Italian
Italy,Italian
Italy,Italian
Italy,Italian
Italy,English
Italy,Italian
Italy,French
Italy,Italian
Italy,Italian
Italy,Italian
Italy,Italian
Italy,Italian
Italy,Italian
Italy,Italian
Italy,Spanish
Italy,Italian
Italy,Italian
Italy,Italian
Italy,Italian
Italy,Italian
Italy,French
Italy,Italian
Italy,Italian
Italy,Italian
Italy,Italian
Italy,Spanish
Italy,English
Italy,Spanish
Italy,Italian
Italy,Italian
Italy,Italian
Italy,Italian
Italy,Italian
Italy,Italian
Italy,Italian
Italy,Italian
Italy,Italian
Italy,English
Italy,Italian
Italy,Italian
Italy,Italian
Italy,Italian
Italy,Italian
Italy,Italian
Italy,Italian
Italy,Spanish
Italy,Italian
Italy,Italian
Italy,Italian
Italy,Italian
Italy,Italian
Italy,Italian
Italy,English
Italy,Italian
Italy,Italian
Italy,Italian
Italy,Italian
Italy,Italian
Italy,Italian
Italy,Italian
Italy,Italian
Italy,Italian
Italy,Italian
Italy,Italian
Italy,Italian
Italy,English
Italy,Italian
Italy,Italian
Italy,Italian
Italy,Italian
Italy,Italian
Italy,Italian
Italy,French
Italy,Italian
Italy,Italian
Italy,Italian
Italy,Italian
Italy,Italian
Italy,Italian
Italy,Italian
Italy,Italian
Italy,French
Italy,Italian
Italy,English
Italy,Italian
Italy,Italian
Italy,Italian
Italy,Italian
Italy,Italian
Italy,Italian
Italy,Italian
Italy,Italian
Italy,Italian
Italy,Spanish
Italy,English
Italy,Italian
Italy,Italian
Italy,Italian
Italy,Italian
Italy,Italian
Italy,Italian
Italy,Italian
Italy,Italian
Italy,Spanish
Italy,Spanish
Italy,Italian
Italy,Italian
Italy,Italian
Italy,English
Italy,Italian
Italy,Spanish
Italy,English
Italy,Italian
Italy,Italian
Italy,Italian
Italy,Italian
Italy,Italian
Italy,Italian
Italy,Italian
Italy,Italian
Italy,Italian
Italy,English
Italy,Italian
Italy,Italian
Italy,Italian
Italy,Italian
Italy,Italian
Italy,English
Italy,Spanish
Italy,Italian
Italy,Italian
Italy,Italian
Italy,Italian
Italy,Italian
Italy,Italian
Italy,Italian
Italy,Spanish
Italy,Italian
Italy,Italian
Italy,French
Italy,Italian
Italy,English
Italy,English
Italy,Italian
Italy,Italian
Italy,Italian
Italy,Italian
Italy,Italian
Italy,Italian
Italy,Italian
Italy,English
Italy,Italian
Italy,Italian
Italy,Italian
Italy,Spanish
Italy,Spanish
Italy,Italian
Italy,Italian
Italy,Italian
Italy,Italian
Italy,Italian
Italy,Italian
Italy,Italian
Italy,Italian
Italy,Italian
Italy,Italian
Italy,Italian
Italy,Italian
Italy,Italian
Italy,Italian
Italy,Italian
Italy,Italian
Italy,Italian
Italy,Italian
Italy,Italian
Italy,English
Italy,Italian
Italy,Italian
Italy,Italian
Italy,Italian
Italy,Italian
Italy,Italian
Italy,English
Italy,Italian
Italy,Italian
Italy,Italian
Italy,Italian
Italy,Italian
Italy,Italian
Italy,Italian
Italy,Italian
Italy,Italian
Italy,Italian
Italy,Spanish
Italy,English
Italy,English
Italy,Italian
Italy,Italian
Italy,Italian
Italy,Italian
Italy,Italian
Italy,Italian
Italy,Italian
Italy,Italian
Italy,Italian
Italy,Italian
Italy,Italian
Italy,Italian
Italy,German
Italy,Italian
Italy,Italian
Italy,Italian
Italy,Italian
Italy,Italian
Italy,English
Italy,Italian
Italy,Spanish
Italy,Italian
Italy,English
Italy,Italian
Italy,Italian
Italy,Italian
Italy,Spanish
Italy,Italian
Italy,Italian
Italy,Italian
Italy,Italian
Italy,Italian
Italy,French
Italy,Italian
Italy,Italian
Italy,Italian
Italy,Italian
Italy,Italian
Italy,Spanish
Italy,Italian
Italy,Spanish
Italy,Italian
Italy,Italian
Italy,Italian
Italy,Italian
Italy,Italian
Italy,English
Italy,Italian
Italy,Italian
Italy,Italian
Italy,Italian
Italy,Italian
Italy,Italian
Italy,Italian
Italy,Italian
Italy,Italian
Italy,Italian
Italy,Italian
Italy,Italian
Italy,Italian
Italy,Italian
Italy,Italian
Italy,Italian
Italy,Italian
Italy,Italian
Italy,Spanish
Italy,Italian
Italy,Italian
Italy,English
Italy,Italian
Italy,Italian
Italy,French
Italy,Italian
Italy,Italian
Italy,Italian
Italy,Italian
Italy,Italian
Italy,English
Italy,Italian
Italy,Italian
Italy,Italian
Italy,Italian
Italy,Italian
Italy,Italian
Italy,Italian
Italy,Italian
Italy,Italian
Italy,English
Italy,Italian
Italy,English
Italy,Italian
Italy,Italian
Italy,Italian
Italy,English
Italy,Italian
Italy,Italian
Italy,Italian
Italy,Italian
Italy,Italian
Italy,Italian
Italy,Italian
Italy,Italian
Italy,Italian
Italy,Italian
Italy,Italian
Italy,Italian
Italy,Italian
Italy,Italian
Italy,English
Italy,Italian
Italy,Italian
Italy,Italian
Italy,Italian
Italy,Italian
Italy,English
Italy,Italian
Italy,Italian
Italy,Italian
Italy,Italian
Italy,Italian
Italy,Italian
Italy,Italian
Italy,Italian
Italy,Italian
Italy,Italian
Italy,Italian
Italy,Italian
Italy,Italian
Italy,English
Italy,Italian
Italy,Italian
Italy,Italian
Italy,Spanish
Italy,Italian
Italy,Italian
Italy,Italian
Italy,Spanish
Italy,Italian
Italy,English
Italy,Italian
Italy,German
Italy,Italian
Italy,Italian
Italy,Italian
Italy,Italian
Italy,Italian
Italy,Spanish
Italy,German
Italy,Italian
Italy,Italian
Italy,Italian
Italy,Italian
Italy,Italian
Italy,Italian
Italy,English
Italy,English
Italy,Italian
Italy,Italian
Italy,Spanish
Italy,Italian
Italy,Italian
Italy,Italian
Italy,Italian
Italy,Italian
Italy,Italian
Italy,Italian
Italy,Italian
Italy,Spanish
Italy,Italian
Italy,Italian
Italy,Spanish
Italy,Italian
Italy,Spanish
Italy,Italian
Italy,Italian
Italy,Italian
Italy,Spanish
Italy,Spanish
Italy,Italian
Italy,Italian
Italy,French
Italy,Italian
Italy,Italian
Italy,English
Italy,Italian
Italy,Italian
Italy,Italian
Italy,Italian
Italy,Italian
Italy,Italian
Italy,Italian
Italy,Italian
Italy,Italian
Italy,Italian
Italy,Italian
Italy,Italian
Italy,Italian
Italy,Italian
Italy,Italian
Italy,Italian
Italy,Italian
Italy,Italian
Italy,English
Italy,Italian
Italy,Italian
Italy,Italian
Italy,Italian
Italy,Italian
Italy,Italian
Italy,Italian
Italy,French
Italy,Italian
Italy,Italian
Italy,Italian
Italy,English
Italy,Italian
Italy,Italian
Italy,Italian
Italy,Italian
Italy,Italian
Italy,Italian
Italy,Italian
Italy,Italian
Italy,Italian
Italy,Spanish
Italy,Italian
Italy,Spanish
Italy,Italian
Italy,Italian
Italy,Italian
Italy,Italian
Italy,Italian
Italy,Italian
Italy,Italian
Italy,English
Italy,Italian
Italy,Italian
Italy,Italian
Italy,Spanish
Italy,Italian
Italy,Italian
Italy,Italian
Italy,Italian
Italy,Italian
Italy,Italian
Italy,Italian
Italy,Italian
Italy,German
Italy,English
Italy,Italian
Italy,Spanish
Italy,Italian
Italy,Italian
Italy,English
Italy,English
Italy,Italian
Italy,Italian
Italy,Italian
Italy,Italian
Italy,English
Italy,Italian
Italy,Italian
Italy,Italian
Italy,Italian
Italy,Italian
Italy,Italian
Italy,Italian
Italy,Spanish
Italy,Italian
Italy,French
Italy,Italian
Italy,Italian
Italy,Italian
Italy,English
Italy,Italian
Italy,Italian
Italy,Italian
Italy,Italian
Italy,Italian
Italy,Italian
Italy,Italian
Italy,Italian
Italy,Italian
Italy,English
Italy,Italian
Italy,Italian
Italy,Italian
Italy,Italian
Italy,Italian
Italy,Italian
Italy,English
Italy,Italian
Italy,Italian
Italy,Italian
Italy,Italian
Italy,Italian
Italy,Italian
Italy,Italian
Italy,Italian
Italy,Italian
Italy,Italian
Italy,Italian
Italy,Italian
Italy,Italian
Italy,Italian
Italy,English
Italy,Italian
Italy,French
Italy,Italian
Italy,Italian
Italy,Italian
Italy,Italian
Italy,Italian
Italy,English
Italy,Italian
Italy,French
Italy,French
Italy,English
Italy,Italian
Italy,Italian
Italy,Italian
Italy,Italian
Italy,Italian
Italy,Italian
Italy,Italian
Italy,Italian
Italy,Italian
Italy,English
Italy,English
Italy,Italian
Italy,Italian
Italy,Italian
Italy,Italian
Italy,Italian
Italy,Italian
Italy,Italian
Italy,Italian
Italy,Italian
Italy,Italian
Italy,Italian
Italy,Italian
Italy,Italian
Italy,Italian
Italy,Italian
Italy,English
Italy,Italian
Italy,Spanish
Italy,Italian
Italy,Italian
Italy,Italian
Italy,Italian
Italy,Italian
Italy,Italian
Italy,Italian
Italy,English
Italy,English
Italy,French
Italy,Italian
Italy,Italian
Italy,Italian
Italy,Italian
Italy,Italian
Italy,Italian
Italy,Italian
Italy,Italian
Italy,Italian
Italy,Spanish
Italy,English
Italy,Spanish
Italy,Italian
Italy,English
Italy,Italian
Italy,Italian
Italy,English
Italy,Italian
Italy,Italian
Italy,English
Italy,Italian
Italy,Italian
Italy,Italian
Italy,Italian
Italy,Italian
Italy,Italian
Italy,Italian
Italy,Italian
Italy,Italian
Italy,Italian
Italy,Italian
Italy,Italian
Italy,Italian
Italy,Italian
Italy,Italian
Italy,Italian
Italy,Italian
Italy,Italian
Italy,Italian
Italy,Italian
Italy,Italian
Italy,German
Italy,Italian
Italy,Italian
Italy,Spanish
Italy,Italian
Italy,Italian
Italy,Spanish
Italy,Italian
Italy,Italian
Italy,Italian
Italy,Italian
Italy,Italian
Italy,Italian
Italy,Italian
Italy,Italian
Italy,Italian
Italy,Italian
Italy,English
Italy,Italian
Italy,Italian
Italy,Italian
Italy,Italian
Italy,Italian
Italy,Italian
Italy,Italian
Italy,Italian
Italy,Italian
Italy,Italian
Italy,Italian
Italy,Italian
Italy,Italian
Italy,Italian
Italy,Italian
Italy,Italian
Italy,Italian
Italy,Italian
Italy,Italian
Italy,Italian
Italy,French
Italy,Italian
Italy,Italian
Italy,Italian
Italy,Italian
Italy,Italian
Italy,Italian
Italy,Italian
Italy,English
Italy,Italian
Italy,English
Italy,Italian
Italy,Italian
Italy,Italian
Italy,Italian
Italy,Italian
Italy,Italian
Italy,Italian
Italy,French
Italy,Italian
Italy,Italian
Italy,English
Italy,Italian
Italy,Italian
Italy,Italian
Italy,Italian
Italy,Italian
Italy,Italian
Italy,English
Italy,Italian
Italy,Italian
Italy,Italian
Italy,Italian
Italy,Italian
Italy,Italian
Italy,Italian
Italy,Italian
Italy,Italian
Italy,Italian
Italy,Spanish
Italy,Spanish
Italy,Italian
Italy,Italian
Italy,Italian
Italy,Spanish
Italy,Italian
Italy,Italian
Italy,Italian
Italy,Italian
Italy,Italian
Italy,English
Italy,French
Italy,French
Italy,Italian
Italy,English
Italy,Italian
Italy,Italian
Italy,Italian
Italy,Italian
Italy,German
Italy,Italian
Italy,Italian
Italy,English
Italy,Italian
Italy,Italian
Italy,Italian
Italy,Italian
Italy,Italian
Italy,Italian
Italy,English
Italy,Italian
Italy,French
Italy,Italian
Italy,Italian
Italy,Italian
Italy,Italian
Italy,Italian
Italy,Italian
Italy,Italian
Italy,Italian
Italy,Italian
Italy,Italian
Italy,English
Italy,Italian
Italy,Italian
Italy,French
Italy,English
Italy,Spanish
Italy,Italian
Italy,Italian
Italy,Italian
Italy,Italian
Italy,Italian
Italy,Italian
Italy,Italian
Italy,Italian
Italy,Italian
Italy,Italian
Italy,Italian
Italy,Italian
Italy,English
Italy,English
Italy,Italian
Italy,Italian
Italy,Italian
Italy,Italian
Italy,French
Italy,English
Italy,Spanish
Italy,Italian
Italy,Italian
Italy,Italian
Italy,Italian
Italy,Italian
Italy,Italian
Italy,Italian
Italy,Italian
Italy,Italian
Italy,English
Italy,English
Italy,French
Italy,French
Italy,Italian
Italy,Italian
Italy,Italian
Italy,Italian
Italy,Italian
Italy,Italian
Italy,Italian
Italy,Italian
Italy,German
Italy,Italian
Italy,Italian
Italy,Italian
Italy,Italian
Italy,Italian
Italy,French
Italy,English
Italy,Italian
Italy,Italian
Italy,Italian
Italy,French
Italy,Italian
Italy,Italian
Italy,Italian
Italy,Italian
Italy,Italian
Italy,Italian
Italy,Italian
Italy,Spanish
Italy,English
Italy,Italian
Italy,Italian
Italy,Italian
Italy,Italian
Italy,Italian
Italy,Italian
Italy,Italian
Italy,English
Italy,Italian
Italy,Italian
Italy,Italian
Italy,Italian
Italy,German
Italy,Italian
Italy,Italian
Italy,Italian
Italy,Italian
Italy,Italian
Italy,Italian
Italy,Italian
Italy,Italian
Italy,Italian
Italy,Italian
Italy,Italian
Italy,Italian
Italy,Italian
Italy,English
Italy,Italian
Italy,Italian
Italy,Italian
Italy,Italian
Italy,English
Italy,Italian
Italy,English
Italy,Italian
Italy,Italian
Italy,Italian
Italy,English
Italy,Italian
Italy,Italian
Italy,Spanish
Italy,Italian
Italy,English
Italy,Italian
Italy,Italian
Italy,Italian
Italy,Spanish
Italy,Italian
Italy,Italian
Italy,Italian
Italy,Italian
Italy,Italian
Italy,Italian
Italy,Italian
Italy,Italian
Italy,Italian
Italy,Spanish
Italy,English
Italy,Italian
Italy,English
Italy,Spanish
Italy,English
Italy,Italian
Italy,Italian
Italy,Italian
Italy,Italian
Italy,Italian
Italy,Italian
Italy,Italian
Italy,Spanish
Italy,Spanish
Italy,Spanish
Italy,French
Italy,Italian
Italy,Italian
Italy,Italian
Italy,Italian
Italy,Italian
Italy,Italian
Italy,Italian
Italy,Italian
Italy,Italian
Italy,Spanish
Italy,Italian
Italy,Italian
Italy,English
Italy,Spanish
Italy,Italian
Italy,Italian
Italy,Italian
Italy,Spanish
Italy,Italian
Italy,Italian
Italy,Italian
Italy,French
Italy,Italian
Italy,Italian
Italy,Italian
Italy,Italian
Italy,Italian
Italy,Italian
Italy,Italian
Italy,Italian
Italy,Italian
Italy,English
Italy,Italian
Italy,Italian
Italy,Italian
Italy,Italian
Italy,Italian
Italy,Italian
Italy,Italian
Italy,Italian
Italy,Italian
Italy,Italian
Italy,Italian
Italy,Italian
Italy,Italian
Italy,Italian
Italy,English
Italy,Italian
Italy,Italian
Italy,Italian
Italy,Spanish
Italy,Italian
Italy,Italian
Italy,Italian
Italy,Italian
Italy,Italian
Italy,Italian
Italy,English
Italy,Italian
Italy,English
Italy,Italian
Italy,Italian
Italy,Italian
Italy,Italian
Italy,English
Italy,Italian
Italy,English
Italy,English
Italy,Italian
Italy,English
Italy,Italian
Italy,Italian
Italy,English
Italy,English
Italy,Italian
Italy,Italian
Italy,Italian
Italy,Italian
Italy,Italian
Italy,Italian
Italy,Italian
Italy,Italian
Italy,Italian
Italy,Italian
Italy,Italian
Italy,Italian
Italy,Italian
Italy,Italian
Italy,Italian
Italy,Italian
Italy,French
Italy,Italian
Italy,Italian
Italy,Italian
Italy,English
Italy,Italian
Italy,English
Italy,Italian
Italy,Italian
Italy,English
Italy,Italian
Italy,Italian
Italy,Italian
Italy,Italian
Italy,Italian
Italy,Italian
Italy,Italian
Italy,Italian
Italy,Italian
Italy,Spanish
Italy,Italian
Italy,Italian
Italy,Italian
Italy,Italian
Italy,Italian
Italy,Italian
Italy,Italian
Italy,Italian
Italy,Spanish
Italy,Italian
Italy,Italian
Italy,Italian
Italy,Italian
Italy,Italian
Italy,French
Italy,Italian
Italy,Italian
Italy,Italian
Italy,Italian
Italy,Italian
Italy,English
Italy,Italian
Italy,Italian
Italy,Italian
Italy,Italian
Italy,Italian
Italy,Italian
Italy,Italian
Italy,Italian
Italy,English
Italy,Italian
Italy,Italian
Italy,Italian
Italy,Italian
Italy,Italian
Italy,Italian
Italy,Italian
Italy,English
Italy,Italian
Italy,English
Italy,Italian
Italy,English
Italy,Italian
Italy,English
Italy,Italian
Italy,Italian
Italy,Italian
Italy,Italian
Italy,Italian
Italy,Italian
Italy,English
Italy,Italian
Italy,Italian
Italy,Italian
Italy,Italian
Italy,Italian
Italy,Italian
Italy,Italian
Italy,Italian
Italy,English
Italy,Italian
Italy,English
Italy,Italian
Italy,Italian
Italy,Italian
Italy,Italian
Italy,Italian
Italy,Italian
Italy,Italian
Italy,French
Italy,Italian
Italy,Italian
Italy,German
Italy,Italian
Italy,Italian
Italy,Italian
Italy,Italian
Italy,Italian
Italy,Italian
Italy,Italian
Italy,Italian
Italy,Italian
Italy,Italian
Italy,Italian
Italy,Italian
Italy,Italian
Italy,Italian
Italy,Italian
Italy,Italian
Italy,English
Italy,Italian
Italy,Italian
Italy,Spanish
Italy,Italian
Italy,Italian
Italy,Italian
Italy,Italian
Italy,Italian
Italy,Italian
Italy,Italian
Italy,Italian
Italy,Italian
Italy,Italian
Italy,Italian
Italy,Italian
Italy,Italian
Italy,Italian
Italy,Italian
Italy,Spanish
Italy,Italian
Italy,Italian
Italy,Italian
Italy,Italian
Italy,Italian
Italy,Italian
Italy,Italian
Italy,English
Italy,Italian
Italy,English
Italy,Italian
Italy,Italian
Italy,Italian
Italy,Spanish
Italy,Italian
Italy,Italian
Italy,Italian
Italy,Italian
Italy,Italian
Italy,Italian
Italy,Italian
Italy,Italian
Italy,Italian
Italy,Italian
Italy,Italian
Italy,Italian
Italy,Spanish
Italy,Italian
Italy,Italian
Italy,English
Italy,Italian
Italy,Italian
Italy,Italian
Italy,Italian
Italy,Italian
Italy,Italian
Italy,Italian
Italy,English
Italy,Italian
Italy,Italian
Italy,Italian
Italy,Italian
Italy,Italian
Italy,Italian
Italy,Italian
Italy,Italian
Italy,Italian
Italy,Italian
Switzerland,English
Switzerland,French
Switzerland,English
Switzerland,French
Switzerland,German
Switzerland,German
Switzerland,German
Switzerland,German
Switzerland,French
Switzerland,German
Switzerland,French
Switzerland,German
Switzerland,German
Switzerland,German
Switzerland,French
Switzerland,German
Switzerland,French
Switzerland,French
Switzerland,German
Switzerland,French
Switzerland,German
Switzerland,French
Switzerland,French
Switzerland,German
Switzerland,French
Switzerland,French
Switzerland,French
Switzerland,French
Switzerland,German
Switzerland,English
Switzerland,German
Switzerland,German
Switzerland,English
Switzerland,German
Switzerland,German
Switzerland,English
Switzerland,French
Switzerland,French
Switzerland,German
Switzerland,German
Switzerland,French
Switzerland,German
Switzerland,German
Switzerland,German
Switzerland,German
Switzerland,French
Switzerland,German
Switzerland,German
Switzerland,German
Switzerland,French
Switzerland,English
Switzerland,French
Switzerland,French
Switzerland,German
Switzerland,French
Switzerland,German
Switzerland,German
Switzerland,German
Switzerland,English
Switzerland,Italian
Switzerland,German
Switzerland,German
Switzerland,French
Switzerland,French
Switzerland,English
Switzerland,French
Switzerland,English
Switzerland,Spanish
Switzerland,German
Switzerland,French
Switzerland,French
Switzerland,German
Switzerland,English
Switzerland,German
Switzerland,English
Switzerland,English
Switzerland,English
Switzerland,German
Switzerland,French
Switzerland,German
Switzerland,French
Switzerland,English
Switzerland,German
Switzerland,English
Switzerland,German
Switzerland,English
Switzerland,French
Switzerland,German
Switzerland,Italian
Switzerland,French
Switzerland,German
Switzerland,English
Switzerland,German
Switzerland,German
Switzerland,English
Switzerland,French
Switzerland,English
Switzerland,French
Switzerland,English
Switzerland,German
Switzerland,Italian
Switzerland,English
Switzerland,French
Switzerland,Spanish
Switzerland,German
Switzerland,French
Switzerland,French
Switzerland,French
Switzerland,French
Switzerland,English
Switzerland,French
Switzerland,English
Switzerland,Spanish
Switzerland,French
Switzerland,French
Switzerland,English
Switzerland,Italian
Switzerland,German
Switzerland,English
Switzerland,French
Switzerland,German
Switzerland,English
Switzerland,French
Switzerland,French
Switzerland,German
Switzerland,German
Switzerland,Spanish
Switzerland,French
Switzerland,Italian
Switzerland,Italian
Switzerland,Italian
Switzerland,English
Switzerland,English
Switzerland,German
Switzerland,French
Switzerland,English
Switzerland,English
Switzerland,German
Switzerland,German
Switzerland,French
Switzerland,German
Switzerland,German
Switzerland,German
Switzerland,French
Switzerland,English
Switzerland,French
Switzerland,French
Switzerland,Spanish
Switzerland,English
Switzerland,Italian
Switzerland,English
Switzerland,English
Switzerland,French
Switzerland,French
Switzerland,French
Switzerland,German
Switzerland,French
Switzerland,German
Switzerland,German
Switzerland,English
Switzerland,Spanish
Switzerland,German
Switzerland,English
Switzerland,French
Switzerland,German
Switzerland,French
Switzerland,French
Switzerland,Italian
Switzerland,English
Switzerland,English
Switzerland,German
Switzerland,German
Switzerland,French
Switzerland,French
Switzerland,German
Switzerland,German
Switzerland,French
Switzerland,English
Switzerland,French
Switzerland,German
Switzerland,German
Switzerland,Italian
Switzerland,German
Switzerland,Spanish
Switzerland,French
Switzerland,German
Switzerland,German
Switzerland,French
Switzerland,English
Switzerland,German
Switzerland,French
Switzerland,French
Switzerland,German
Switzerland,German
Switzerland,English
Switzerland,German
Switzerland,French
Switzerland,English
Switzerland,French
Switzerland,German
Switzerland,Italian
Switzerland,German
Switzerland,Italian
Switzerland,English
Switzerland,English
Switzerland,Spanish
Switzerland,French
Switzerland,German
Switzerland,German
Switzerland,Italian
Switzerland,French
Switzerland,French
Switzerland,French
Switzerland,English
Switzerland,German
Switzerland,French
Switzerland,French
Switzerland,French
Switzerland,English
Switzerland,French
Switzerland,French
Switzerland,English
Switzerland,French
Switzerland,French
Switzerland,French
Switzerland,English
Switzerland,French
Switzerland,German
Switzerland,German
Switzerland,German
Switzerland,French
Switzerland,French
Switzerland,German
Switzerland,French
Switzerland,German
Switzerland,French
Switzerland,French
Switzerland,German
Switzerland,English
Switzerland,French
Switzerland,English
Switzerland,French
Switzerland,English
Switzerland,Spanish
Switzerland,German
Switzerland,German
Switzerland,French
Switzerland,Italian
Switzerland,German
Switzerland,French
Switzerland,German
Switzerland,German
Switzerland,German
Switzerland,English
Switzerland,French
Switzerland,German
Switzerland,French
Switzerland,German
Switzerland,Spanish
Switzerland,German
Switzerland,French
Switzerland,Spanish
Switzerland,English
Switzerland,German
Switzerland,German
Switzerland,English
Switzerland,German
Switzerland,French
Switzerland,English
Switzerland,French
Switzerland,English
Switzerland,French
Switzerland,French
Switzerland,German
Switzerland,German
Switzerland,German
Switzerland,English
Switzerland,Italian
Switzerland,German
Switzerland,English
Switzerland,German
Switzerland,English
Switzerland,Spanish
Switzerland,French
Switzerland,French
Switzerland,German
Switzerland,French
Switzerland,English
Switzerland,Italian
Switzerland,German
Switzerland,German
Switzerland,French
Switzerland,English
Switzerland,German
Switzerland,English
Switzerland,English
Switzerland,French
Switzerland,English
Switzerland,English
Switzerland,French
Switzerland,English
Switzerland,English
Switzerland,English
Switzerland,English
Switzerland,German
Switzerland,German
Switzerland,French
Switzerland,French
Switzerland,English
Switzerland,English
Switzerland,French
Switzerland,French
Switzerland,German
Switzerland,German
Switzerland,French
Switzerland,English
Switzerland,German
Switzerland,French
Switzerland,German
Switzerland,French
Switzerland,German
Switzerland,German
Switzerland,German
Switzerland,French
Switzerland,French
Switzerland,French
Switzerland,Italian
Switzerland,French
Switzerland,English
Switzerland,French
Switzerland,English
Switzerland,French
Switzerland,Spanish
Switzerland,French
Switzerland,English
Switzerland,Italian
Switzerland,German
Switzerland,German
Switzerland,French
Switzerland,German
Switzerland,French
Switzerland,English
Switzerland,English
Switzerland,French
Switzerland,English
Switzerland,Italian
Switzerland,English
Switzerland,French
Switzerland,French
Switzerland,French
Switzerland,Spanish
Switzerland,English
Switzerland,German
Switzerland,French
Switzerland,German
Switzerland,German
Switzerland,German
Switzerland,German
Switzerland,German
Switzerland,French
Switzerland,French
Switzerland,German
Switzerland,German
Switzerland,English
Switzerland,French
Switzerland,German
Switzerland,French
Switzerland,French
Switzerland,French
Switzerland,German
Switzerland,Italian
Switzerland,French
Switzerland,English
Switzerland,English
Switzerland,English
Switzerland,Spanish
Switzerland,French
Switzerland,English
Switzerland,German
Switzerland,German
Switzerland,French
Switzerland,French
Switzerland,Italian
Switzerland,French
Switzerland,German
Switzerland,French
Switzerland,German
Switzerland,German
Switzerland,German
Switzerland,German
Switzerland,Italian
Switzerland,Spanish
Switzerland,English
Switzerland,French
Switzerland,German
Switzerland,German
Switzerland,English
Switzerland,English
Switzerland,German
Switzerland,French
Switzerland,French
Switzerland,German
Switzerland,Spanish
Switzerland,English
Switzerland,English
Switzerland,English
Switzerland,French
Switzerland,Spanish
Switzerland,French
Switzerland,English
Switzerland,English
Switzerland,English
Switzerland,Italian
Switzerland,French
Switzerland,German
Switzerland,German
Switzerland,French
Switzerland,German
Switzerland,English
Switzerland,German
Switzerland,French
Switzerland,German
Switzerland,English
Switzerland,German
Switzerland,English
Switzerland,German
Switzerland,French
Switzerland,German
Switzerland,French
Switzerland,French
Switzerland,German
Switzerland,Italian
Switzerland,English
Switzerland,German
Switzerland,German
Switzerland,German
Switzerland,French
Switzerland,French
Switzerland,German
Switzerland,French
Switzerland,French
Switzerland,English
Switzerland,English
Switzerland,German
Switzerland,German
Switzerland,Spanish
Switzerland,English
Switzerland,French
Switzerland,French
Switzerland,French
Switzerland,German
Switzerland,German
Switzerland,English
Switzerland,German
Switzerland,French
Switzerland,German
Switzerland,English
Switzerland,German
Switzerland,English
Switzerland,French
Switzerland,English
Switzerland,English
Switzerland,English
Switzerland,English
Switzerland,English
Switzerland,German
Switzerland,English
Switzerland,German
Switzerland,English
Switzerland,Italian
Switzerland,Italian
Switzerland,English
Switzerland,German
Switzerland,English
Switzerland,Italian
Switzerland,French
Switzerland,English
Switzerland,French
Switzerland,English
Switzerland,French
Switzerland,German
Switzerland,French
Switzerland,French
Switzerland,English
Switzerland,English
Switzerland,English
Switzerland,German
Switzerland,English
Switzerland,German
Switzerland,French
Switzerland,English
Switzerland,German
Switzerland,French
Switzerland,French
Switzerland,German
Switzerland,French
Switzerland,French
Switzerland,Spanish
Switzerland,German
Switzerland,English
Switzerland,French
Switzerland,English
Switzerland,English
Switzerland,Spanish
Switzerland,German
Switzerland,German
Switzerland,English
Switzerland,French
Switzerland,Spanish
Switzerland,English
Switzerland,German
Switzerland,German
Switzerland,German
Switzerland,English
Switzerland,English
Switzerland,German
Switzerland,German
Switzerland,German
Switzerland,English
Switzerland,German
Switzerland,Spanish
Switzerland,English
Switzerland,French
Switzerland,German
Switzerland,English
Switzerland,French
Switzerland,German
Switzerland,French
Switzerland,German
Switzerland,French
Switzerland,French
Switzerland,Italian
Switzerland,German
Switzerland,English
Switzerland,German
Switzerland,English
Switzerland,English
Switzerland,French
Switzerland,French
Switzerland,German
Switzerland,German
Switzerland,Italian
Switzerland,German
Switzerland,French
Switzerland,German
Switzerland,Italian
Switzerland,German
Switzerland,German
Switzerland,Italian
Switzerland,English
Switzerland,German
Switzerland,German
Switzerland,Italian
Switzerland,English
Switzerland,French
Switzerland,German
Switzerland,English
Switzerland,German
Switzerland,French
Switzerland,French
Switzerland,French
Switzerland,French
Switzerland,French
Switzerland,French
Switzerland,French
Switzerland,English
Switzerland,English
Switzerland,English
Switzerland,Spanish
Switzerland,German
Switzerland,English
Switzerland,English
Switzerland,German
Switzerland,French
Switzerland,Italian
Switzerland,German
Switzerland,French
Switzerland,French
Switzerland,French
Switzerland,English
Switzerland,English
Switzerland,English
Switzerland,German
Switzerland,French
Switzerland,English
Switzerland,German
Switzerland,French
Switzerland,French
Switzerland,English
Switzerland,Spanish
Switzerland,Italian
Switzerland,English
Switzerland,French
Switzerland,English
Switzerland,English
Switzerland,French
Switzerland,German
Switzerland,German
Switzerland,English
Switzerland,French
Switzerland,German
Switzerland,French
Switzerland,French
Switzerland,English
Switzerland,French
Switzerland,French
Switzerland,German
Switzerland,German
Switzerland,English
Switzerland,English
Switzerland,German
Switzerland,French
Switzerland,German
Switzerland,English
Switzerland,French
Switzerland,French
Switzerland,German
Switzerland,English
Switzerland,English
Switzerland,French
Switzerland,German
Switzerland,Italian
Switzerland,Italian
Switzerland,Italian
Switzerland,English
Switzerland,English
Switzerland,English
Switzerland,French
Switzerland,German
Switzerland,German
Switzerland,English
Switzerland,German
Switzerland,German
Switzerland,French
Switzerland,English
Switzerland,French
Switzerland,French
Switzerland,Spanish
Switzerland,French
Switzerland,English
Switzerland,Italian
Switzerland,French
Switzerland,French
Switzerland,Italian
Switzerland,English
Switzerland,English
Switzerland,German
Switzerland,French
Switzerland,German
Switzerland,French
Switzerland,English
Switzerland,French
Switzerland,English
Switzerland,German
Switzerland,German
Switzerland,German
Switzerland,German
Switzerland,English
Switzerland,German
Switzerland,German
Switzerland,German
Switzerland,German
Switzerland,Spanish
Switzerland,French
Switzerland,German
Switzerland,French
Switzerland,English
Switzerland,German
Switzerland,English
Switzerland,English
Switzerland,English
Switzerland,German
Switzerland,French
Switzerland,German
Switzerland,French
Switzerland,French
Switzerland,French
Switzerland,German
Switzerland,French
Switzerland,Italian
Switzerland,Italian
Switzerland,German
Switzerland,German
Switzerland,French
Switzerland,French
Switzerland,German
Switzerland,German
Switzerland,German
Switzerland,German
Switzerland,Italian
Switzerland,French
Switzerland,German
Switzerland,German
Switzerland,German
Switzerland,French
Switzerland,German
Switzerland,German
Switzerland,English
Switzerland,German
Switzerland,French
Switzerland,Italian
Switzerland,French
Switzerland,English
Switzerland,French
Switzerland,German
Switzerland,English
Switzerland,German
Switzerland,Italian
Switzerland,German
Switzerland,English
Switzerland,Italian
Switzerland,German
Switzerland,English
Switzerland,English
Switzerland,English
Switzerland,German
Switzerland,English
Switzerland,English
Switzerland,German
Switzerland,Spanish
Switzerland,German
Switzerland,German
Switzerland,English
Switzerland,German
Switzerland,English
Switzerland,Spanish
Switzerland,German
Switzerland,English
Switzerland,Italian
Switzerland,French
Switzerland,English
Switzerland,Italian
Switzerland,Spanish
Switzerland,German
Switzerland,French
Switzerland,German
Switzerland,English
Switzerland,French
Switzerland,French
Switzerland,English
Switzerland,German
Switzerland,French
Switzerland,French
Switzerland,English
Switzerland,German
Switzerland,German
Switzerland,French
Switzerland,Spanish
Switzerland,English
Switzerland,German
Switzerland,English
Switzerland,French
Switzerland,German
Switzerland,German
Switzerland,French
Switzerland,German
Switzerland,German
Switzerland,German
Switzerland,French
Switzerland,French
Switzerland,German
Switzerland,English
Switzerland,English
Switzerland,English
Switzerland,German
Switzerland,English
Switzerland,German
Switzerland,French
Switzerland,English
Switzerland,French
Switzerland,English
Switzerland,German
Switzerland,German
Switzerland,French
Switzerland,English
Switzerland,German
Switzerland,German
Switzerland,German
Switzerland,German
Switzerland,English
Switzerland,German
Switzerland,French
Switzerland,English
Switzerland,German
Switzerland,Italian
Switzerland,German
Switzerland,English
Switzerland,French
Switzerland,French
Switzerland,German
Switzerland,English
Switzerland,German
Switzerland,French
Switzerland,German
Switzerland,German
Switzerland,French
Switzerland,French
Switzerland,German
Switzerland,French
Switzerland,German
Switzerland,German
Switzerland,English
Switzerland,German
Switzerland,English
Switzerland,Italian
Switzerland,French
Switzerland,German
Switzerland,French
Switzerland,French
Switzerland,French
Switzerland,German
Switzerland,Spanish
Switzerland,German
Switzerland,French
Switzerland,German
Switzerland,German
Switzerland,English
Switzerland,French
Switzerland,French
Switzerland,French
Switzerland,French
Switzerland,German
Switzerland,English
Switzerland,German
Switzerland,Italian
Switzerland,Spanish
Switzerland,German
Switzerland,English
Switzerland,German
Switzerland,French
Switzerland,German
Switzerland,Italian
Switzerland,German
Switzerland,German
Switzerland,French
Switzerland,English
Switzerland,German
Switzerland,English
Switzerland,German
Switzerland,English
Switzerland,German
Switzerland,English
Switzerland,French
Switzerland,German
Switzerland,French
Switzerland,French
Switzerland,French
Switzerland,French
Switzerland,French
Switzerland,French
Switzerland,Spanish
Switzerland,English
Switzerland,Italian
Switzerland,French
Switzerland,English
Switzerland,French
Switzerland,German
Switzerland,English
Switzerland,German
Switzerland,French
Switzerland,English
Switzerland,German
Switzerland,French
Switzerland,French
Switzerland,German
Switzerland,German
Switzerland,German
Switzerland,German
Switzerland,German
Switzerland,German
Switzerland,English
Switzerland,German
Switzerland,German
Switzerland,English
Switzerland,French
Switzerland,English
Switzerland,German
Switzerland,French
Switzerland,Italian
Switzerland,English
Switzerland,German
Switzerland,English
Switzerland,German
Switzerland,German
Switzerland,German
Switzerland,German
Switzerland,German
Switzerland,English
Switzerland,French
Switzerland,German
Switzerland,French
Switzerland,English
Switzerland,Spanish
Switzerland,French
Switzerland,French
Switzerland,German
Switzerland,French
Switzerland,English
Switzerland,English
Switzerland,German
Switzerland,Italian
Switzerland,German
Switzerland,French
Switzerland,Italian
Switzerland,German
Switzerland,German
Switzerland,German
Switzerland,French
Switzerland,French
Switzerland,English
Switzerland,French
Switzerland,German
Switzerland,German
Switzerland,German
Switzerland,French
Switzerland,English
Switzerland,English
Switzerland,French
Switzerland,French
Switzerland,German
Switzerland,English
Switzerland,Italian
Switzerland,French
Switzerland,German
Switzerland,French
Switzerland,English
Switzerland,German
Switzerland,German
Switzerland,French
Switzerland,French
Switzerland,English
Switzerland,German
Switzerland,German
Switzerland,English
Switzerland,French
Switzerland,German
Switzerland,French
Switzerland,German
Switzerland,French
Switzerland,German
Switzerland,French
Switzerland,French
Switzerland,English
Switzerland,German
Switzerland,German
Switzerland,German
Switzerland,German
Switzerland,English
Switzerland,English
Switzerland,German
Switzerland,French
Switzerland,French
Switzerland,English
Switzerland,English
Switzerland,French
Switzerland,German
Switzerland,German
Switzerland,German
Switzerland,German
Switzerland,German
Switzerland,French
Switzerland,English
Switzerland,German
Switzerland,English
Switzerland,French
Switzerland,English
Switzerland,French
Switzerland,French
Switzerland,English
Switzerland,French
Switzerland,German
Switzerland,Spanish
Switzerland,German
Switzerland,English
Switzerland,English
Switzerland,Spanish
Switzerland,French
Switzerland,German
Switzerland,German
Switzerland,German
Switzerland,Italian
Switzerland,French
Switzerland,English
Switzerland,Spanish
Switzerland,English
Switzerland,French
Switzerland,English
Switzerland,French
Switzerland,English
Switzerland,English
Switzerland,German
Switzerland,German
Switzerland,German
Switzerland,German
Switzerland,English
Switzerland,French
Switzerland,English
Switzerland,German
Switzerland,German
Switzerland,English
Switzerland,French
Switzerland,Italian
Switzerland,German
Switzerland,German
Switzerland,French
Switzerland,English
Switzerland,German
Switzerland,German
Switzerland,German
Switzerland,Spanish
Switzerland,Spanish
Switzerland,German
Switzerland,French
Switzerland,French
Switzerland,German
Switzerland,French
Switzerland,French
Switzerland,German
Switzerland,Italian
Switzerland,French
Switzerland,French
Switzerland,German
Switzerland,German
Switzerland,German
Switzerland,French
Switzerland,French
Switzerland,German
Switzerland,German
Switzerland,German
Switzerland,English
Switzerland,French
Switzerland,French
Switzerland,Italian
Switzerland,German
Switzerland,French
Switzerland,English
Switzerland,Spanish
Switzerland,English
Switzerland,German
Switzerland,German
Switzerland,French
Switzerland,French
Switzerland,German
Switzerland,French
Switzerland,English
Switzerland,Italian
Switzerland,German
Switzerland,German
Switzerland,English
Switzerland,English
Switzerland,English
Switzerland,English
Switzerland,German
Switzerland,English
Switzerland,German
Switzerland,French
Switzerland,French
Switzerland,Italian
Switzerland,English
Switzerland,French
Switzerland,French
Switzerland,English
Switzerland,French
Switzerland,French
Switzerland,German
Switzerland,German
Switzerland,French
Switzerland,English
Switzerland,German
Switzerland,English
Switzerland,German
Switzerland,German
Switzerland,English
Switzerland,German
Switzerland,German
Switzerland,German
Switzerland,French
Switzerland,Spanish
Switzerland,German
Switzerland,French
Switzerland,German
Switzerland,English
Switzerland,English
Switzerland,German
Switzerland,German
Switzerland,German
Switzerland,Italian
Switzerland,English
Switzerland,English
Switzerland,German
Switzerland,English
Switzerland,German
Switzerland,French
Switzerland,English
Switzerland,French
Switzerland,French
Switzerland,German
Switzerland,German
Switzerland,German
Switzerland,French
Switzerland,French
Switzerland,English
Switzerland,French
Switzerland,English
Switzerland,English
Switzerland,French
Switzerland,French
Switzerland,English
Switzerland,Spanish
Switzerland,French
Switzerland,English
Switzerland,Italian
Switzerland,English
Switzerland,German
Switzerland,English
Switzerland,German
Switzerland,English
Switzerland,German
Switzerland,French
Switzerland,German
Switzerland,French
Switzerland,English
Switzerland,German
Switzerland,English
Switzerland,German
Switzerland,English
Switzerland,French
Switzerland,German
Switzerland,French
Switzerland,English
Switzerland,German
Switzerland,German
Switzerland,German
Switzerland,French
Switzerland,French
Switzerland,French
Switzerland,French
Switzerland,German
Switzerland,French
Switzerland,French
Switzerland,French
Switzerland,German
Switzerland,German
Switzerland,German
Switzerland,French
Switzerland,German
Switzerland,German
Switzerland,English
Switzerland,English
Switzerland,English
Switzerland,French
Switzerland,German
Switzerland,French
Switzerland,French
Switzerland,German
Switzerland,German
Switzerland,German
Switzerland,French
Switzerland,English
Switzerland,English
Switzerland,English
Switzerland,French
Switzerland,Spanish
Switzerland,English
Switzerland,English
Switzerland,English
Switzerland,German
Switzerland,German
Switzerland,Spanish
Switzerland,French
Switzerland,French
Switzerland,English
Switzerland,English
Switzerland,German
Switzerland,Italian
Switzerland,German
Switzerland,German
Switzerland,German
Switzerland,English
Switzerland,Italian
Switzerland,English
Switzerland,German
Switzerland,French
Switzerland,French
Switzerland,German
Switzerland,French
Switzerland,French
Switzerland,French
Switzerland,French
Switzerland,Italian
Switzerland,German
Switzerland,French
Switzerland,English
Switzerland,German
Switzerland,English
Switzerland,English
Switzerland,French
Switzerland,German
Switzerland,English
Switzerland,English
